REGION,Key,Area,CENSUS 2010 TOTAL POPULATION,CENSUS 2010 STATE DENSITY,CENSUS 2010 RANK,2020 STATE DENSITY,STATE LAND AREA,Metropolian Areas CBSA title,Major Cities CBSA title,CBSA Code,CBSA Major City Population 2010,CBSA Major City max weighted density,CBSA Major City mean pop density,Covid Positive 3 31,Covid Negative 3 31,Covid Pending 3 31,Covid Hospitalized 3 31,Covid Death 3 31,Total COVID Tests 3 31,Covid Positive 4 4,Data Grade 4 4,Covid Score 4 4,Covid Negative,Covid Pending 4 4,Covid Hospitalized Currently 4 4,Covid Hospitalized Cumulative 4 4,Covid ICU Currently 4 4,Covid ICU Cumulative 4 4,Covid Ventilator Currently 4 4,Covid Ventilator Cumulative 4 4,Covid Recovered,Covid Death 4 4,Covid Hospitalized 4 4,Covid Total Test Results,Covid posNeg 4 4,fips,FLUVIEW TOTAL INFLUENZA DEATHS Season 2018,FLUVIEW TOTAL PNEUMONIA DEATHS Season 2018,Kaiser Total Hospital Beds,Kaiser Beds per 1000 Population,Kaiser Total CHCs,Kaiser CHC Service Delivery Sites,BRFSS Asthma Prevalance,Fluview US FLU Hospitalization Rate Asthma,BRFSS Age 55 64 Asthma Rate,BRFSS Age 65 plus Asthma Rate,BRFSS COPD Prevalance,Fluview US FLU Hospitalization Rate Lung Disease,BRFSS Age 55 64 COPD Rate,BRFSS Age 65 plus COPD Rate,BRFSS Heart Disease Prevalance,Fluview US FLU Hospitalization Rate Heart Disease,BRFSS Age 55 64 Heart Disease Rate,BRFSS Age 65 plus Heart Disease Rate,BRFSS 2017 High Cholestoral Prevalance,BRFSS 2017 High Blood Pressure Prevalance,BRFSS Diabetes Prevalance,Fluview US FLU Hospitalization Rate Metabolic Disorders,BRFSS Age 55 64 Diabetes Rate,BRFSS Age 65 plus Diabetes Rate,BRFSS Obesity BMI Prevalance,Fluview US FLU Hospitalization Rate Obesity,BRFSS Age 55 64 Obesity Rate,BRFSS Age 65 plus Obesity Rate,BRFSS Kidney Disease Prevalance,Fluview US FLU Hospitalization Rate Kidney Disease,BRFSS Age 55 64 Kidney Disease Rate,BRFSS Age 65 plus  Kidney Disease Rate,BRFSS Other Cancer Prevalance,BRFSS 55 64 Other Cancer Rate,BRFSS 65 plus Other Cancer Rate,Census Population Over 60,Census Population Over 60 Employment Rate,Census Total Population Over 16 Estimate,Census Total Workers Over 16 Estimate,COMMUTE Census Worker Drive To Work Rate,COMMUTE Census Worker Carpool To Work Rate,COMMUTE Census Worker Public Transportation Rate,COMMUTE Census Worker Walk Rate,COMMUTE Census Worker Taxicab Motorcycle Bicycle Other Rate,COMMUTE Census Work At Home Rate,HOUSEHOLD UNITS,UNITS IN STRUCTURE 5 to 9 apartments,UNITS IN STRUCTURE 10 or more apartments,OCCUPANTS PER ROOM 1.0 To 1.50,OCCUPANTS PER ROOM 1.51 Plus,Occupants_Per_Room_1.51_Plus_Percentage,Occupants_Per_Room_1.0_To_1.50_Percentage,FAMILY HOUSEHOLDS Householder 65 Plus,NONFAMILY Householder Living Alone 65 Plus,INDUSTRY Agriculture Forestry Fishing Hunting,INDUSTRY Construction,INDUSTRY Manufacturing,INDUSTRY Wholesale Trade,INDUSTRY Retail Trade,INDUSTRY Transportation Warehousing,INDUSTRY Professional Scientific Technical,INDUSTRY Management Companies Enterprises,INDUSTRY Administrative Support  Waste Management,INDUSTRY Educational Services,INDUSTRY Health Care Social Assistance,INDUSTRY Arts Entertainment Recreation,INDUSTRY Accommodation Food Services,Occupation Total Management Business Science Arts,Occupation Total Management Business Financial,OCCUPATION Management,OCCUPATION Business  Financial Operations,Occupation Total Computer Engineering Science,OCCUPATION Computer Mathematical,OCCUPATION Architecture Engineering,OCCUPATION Life Physical Social Science,Occupation Total Education Legal Community Service Arts Media,OCCUPATION Community Social Service,OCCUPATION Legal,OCCUPATION Educational Instruction Library,OCCUPATION Arts Design Entertainment Sports Media,Occupation Total Healthcare Practitioners Technical,OCCUPATION Health Diagnosing Treating Practitioners Other Technical,OCCUPATION Health Technologists,Occupation Total Service,OCCUPATION Healthcare Support,Occupation Total Protective Service,OCCUPATION Firefighter Other Protective Service,OCCUPATION Law Enforcement,OCCUPATION Food Preparation Service,OCCUPATION Building Grounds Cleaning  Maintenance,OCCUPATION Personal care Service,Occupation Total Sales Office,OCCUPATION Sales,OCCUPATION Office,Occupation Total Natural Resources Construction Maintenance,OCCUPATION Farming Fishing Forestry,OCCUPATION Construction Extraction,OCCUPATION Installation Maintenance Repair,Occupation Total Production Transportation Material Moving,OCCUPATION Production,OCCUPATION Transportation,OCCUPATION Material Moving
Alabama,1,South,4779736,94.4,29,97,50645, AL Metro Area,Mobile,33660,412992,1659.3,1056.681818,981,6298,0.0,0.0,13,7292.0,1580,B,3,9273,0.0,0.0,212.0,0.0,0.0,0.0,0.0,0.0,43,212.0,10853,10853,1,94,2863,15278,3.13,15,144,0.105,0.194,0.012495,0.010185,0.103,0.295,0.017304,0.016892,0.061,0.513,0.006527,0.008357,0.372,0.419,0.145,0.448,0.03625,0.042195,0.362,0.361,0.158194,0.115116,0.04,0.216,0.00228,0.00304,0.081,0.00891,0.015471,1149135,0.24,3854015,2055708,0.86,0.08,0.0,0.01,0.01,0.03,1855184,76182,117446,21718,11238,0.6057620160587844,1.170665551233732,231121,215966,19856,148005,295039,54251,233006,88947,123081,2015,86428,184971,281868,30906,148877,0.0,0.0,0.0,0.0,0.0,0.0,0.0,0.0,0.0,0.0,0.0,0.0,0.0,0.0,0.0,0.0,0.0,0.0,0.0,0.0,0.0,0.0,0.0,0.0,0.0,0.0,0.0,0.0,0.0,0.0,0.0,0.0,0.0,0.0,0.0
Alaska,2,West,710231,1.2,52,1,570641, AK Metro Area,Anchorage,11260,380821,3006.9,2035.0,119,3594,0.0,7.0,3,3723.0,171,A,4,5869,0.0,0.0,16.0,0.0,0.0,0.0,0.0,0.0,5,16.0,6040,6040,2,19,221,1636,2.23,27,193,0.092,0.194,0.009568,0.006992,0.059,0.295,0.004956,0.007434,0.031,0.513,0.002046,0.002914,0.313,0.318,0.088,0.448,0.011,0.015488,0.295,0.361,0.09853,0.08024,0.025,0.216,0.0,0.00155,0.062,0.00434,0.010168,134012,0.35,548676,337552,0.68,0.12,0.01,0.08,0.06,0.05,254551,10880,19475,9989,6653,2.61362163181445,3.924164509273191,23151,20618,5655,19458,15461,4935,37178,25233,20577,1352,8964,31445,50966,7223,27750,130611.0,51590.0,35405.0,16185.0,19990.0,6610.0,7872.0,5508.0,38939.0,7989.0,3281.0,21185.0,6484.0,20092.0,14487.0,5605.0,63120.0,12451.0,7706.0,3762.0,3944.0,20186.0,12172.0,10605.0,69643.0,28574.0,41069.0,39585.0,4541.0,19922.0,15122.0,42810.0,12779.0,17663.0,12368.0
Arizona,3,West,6392017,56.3,35,65,113594, AZ Metro Area,Phoenix-Mesa-Glendale,38060,4192887,4394.9,1838.788889,1289,18082,0.0,78.0,24,19473.0,2019,B,3,25141,0.0,0.0,297.0,0.0,104.0,0.0,0.0,0.0,52,297.0,27160,27160,4,116,3425,13846,1.93,20,188,0.1,0.194,0.0128,0.009,0.071,0.295,0.0071,0.010011,0.043,0.513,0.002322,0.005289,0.334,0.307,0.108,0.448,0.017928,0.02322,0.295,0.361,0.10443,0.076995,0.036,0.216,0.001944,0.002844,0.076,0.006308,0.01368,1695429,0.24,5608516,3155343,0.76,0.11,0.02,0.02,0.03,0.07,2614298,104610,308728,79746,38372,1.4677745230268318,3.0503791075080193,361862,295472,26081,220968,222616,70654,375214,145650,208434,5328,192516,284580,412933,80340,280358,0.0,0.0,0.0,0.0,0.0,0.0,0.0,0.0,0.0,0.0,0.0,0.0,0.0,0.0,0.0,0.0,0.0,0.0,0.0,0.0,0.0,0.0,0.0,0.0,0.0,0.0,0.0,0.0,0.0,0.0,0.0,0.0,0.0,0.0,0.0
Arkansas,4,South,2915918,56.0,36,58,52035, AR-MO Metro Area,Fayetteville-Springdale-Rogers,22220,463204,1114.8,931.6666667,523,5959,0.0,64.0,8,6554.0,743,A,4,9627,0.0,72.0,0.0,0.0,0.0,23.0,0.0,79.0,14,0.0,10370,10370,5,107,2091,9517,3.16,12,142,0.098,0.194,0.0098,0.007938,0.098,0.295,0.01715,0.015484,0.064,0.513,0.006272,0.009856,0.368,0.414,0.139,0.448,0.03058,0.035445,0.371,0.361,0.149513,0.111671,0.037,0.216,0.001332,0.002331,0.087,0.008787,0.016704,695572,0.25,2336993,1297409,0.83,0.1,0.0,0.02,0.01,0.04,1156347,36706,78543,22084,11351,0.9816257576661677,1.909807350215809,144001,129177,31632,88455,187817,31588,169215,64011,51498,2539,47324,117764,205669,16127,89347,0.0,0.0,0.0,0.0,0.0,0.0,0.0,0.0,0.0,0.0,0.0,0.0,0.0,0.0,0.0,0.0,0.0,0.0,0.0,0.0,0.0,0.0,0.0,0.0,0.0,0.0,0.0,0.0,0.0,0.0,0.0,0.0,0.0,0.0,0.0
California,5,West,37253956,239.1,13,256,155779, CA Metro Area,San Francisco-Oakland-Fremont,41860,4335391,12144.9,4684.784615,7482,21772,57400.0,1617.0,153,88424.0,12026,B,3,101674,13000.0,2300.0,0.0,1008.0,0.0,0.0,0.0,0.0,276,0.0,113700,113700,6,631,18179,72511,1.84,177,1740,0.085,0.194,0.00782,0.00799,0.046,0.295,0.003082,0.004554,0.032,0.513,0.001536,0.002784,0.308,0.284,0.104,0.448,0.01768,0.024752,0.258,0.361,0.077658,0.062436,0.029,0.216,0.001073,0.00203,0.058,0.004582,0.009686,7963713,0.29,31085639,18399115,0.74,0.1,0.05,0.03,0.03,0.06,13072122,799663,2274912,690380,390607,2.9880917574055688,5.28131545895915,1409512,1249751,405765,1244438,1675905,522242,1969641,924695,1678040,31903,891957,1589705,2362854,523419,1466850,7414643.0,3032979.0,1976847.0,1056132.0,1332842.0,698428.0,427283.0,207131.0,2072682.0,306312.0,217788.0,1001002.0,547580.0,976140.0,660451.0,315689.0,3514097.0,675791.0,376482.0,235004.0,141478.0,1085584.0,793978.0,582262.0,3965290.0,1909112.0,2056178.0,1711879.0,291203.0,948247.0,472429.0,2324103.0,898100.0,711806.0,714197.0
Colorado,6,West,5029196,48.5,39,56,103642, CO Metro Area,Denver-Aurora-Broomfield,19740,2543482,4803.7,3023.157143,2627,12737,0.0,414.0,51,15829.0,4173,A,4,17898,0.0,0.0,823.0,0.0,0.0,0.0,0.0,0.0,111,823.0,22071,22071,8,151,2056,10574,1.86,20,215,0.091,0.194,0.008554,0.007917,0.044,0.295,0.00308,0.004488,0.027,0.513,0.001053,0.002268,0.303,0.259,0.07,0.448,0.00798,0.01141,0.23,0.361,0.06164,0.05014,0.022,0.216,0.00066,0.001254,0.064,0.005056,0.011328,1156858,0.32,4479249,2930149,0.75,0.09,0.03,0.03,0.02,0.09,2176757,95460,360530,36941,17404,0.7995380283605382,1.6970658644947507,229059,211903,34253,244390,194121,68555,330730,118305,289236,6390,123997,269062,357521,76058,235797,0.0,0.0,0.0,0.0,0.0,0.0,0.0,0.0,0.0,0.0,0.0,0.0,0.0,0.0,0.0,0.0,0.0,0.0,0.0,0.0,0.0,0.0,0.0,0.0,0.0,0.0,0.0,0.0,0.0,0.0,0.0,0.0,0.0,0.0,0.0
Connecticut,7,Northeast,3574097,738.1,6,736,4842, CT Metro Area,Bridgeport-Stamford-Norwalk,14860,916829,5122.4,3477.475,3128,13029,0.0,608.0,69,16834.0,5276,A,4,16753,0.0,1033.0,0.0,0.0,0.0,0.0,0.0,0.0,165,0.0,22029,22029,9,90,1917,7194,2.01,16,290,0.103,0.194,0.010918,0.009682,0.053,0.295,0.004187,0.005618,0.037,0.513,0.001924,0.003737,0.323,0.305,0.097,0.448,0.015229,0.019497,0.274,0.361,0.085488,0.072062,0.026,0.216,0.001014,0.00143,0.075,0.0078,0.01365,865770,0.34,2884868,1785761,0.78,0.08,0.05,0.03,0.01,0.06,1378091,72985,168854,18899,6991,0.5072959623130838,1.3713898429058748,158593,168018,7236,111277,193491,42558,197200,67846,137063,2884,71191,194338,279166,44762,108378,0.0,0.0,0.0,0.0,0.0,0.0,0.0,0.0,0.0,0.0,0.0,0.0,0.0,0.0,0.0,0.0,0.0,0.0,0.0,0.0,0.0,0.0,0.0,0.0,0.0,0.0,0.0,0.0,0.0,0.0,0.0,0.0,0.0,0.0,0.0
Delaware,8,South,897934,460.8,8,504,1949, DE Metro Area,Dover,20100,162310,912.7,912.7,406,3696,0.0,64.0,10,4176.0,593,A,4,5874,0.0,95.0,0.0,0.0,0.0,0.0,0.0,71.0,14,0.0,6467,6467,10,23,464,2101,2.18,3,17,0.101,0.194,0.010302,0.007272,0.07,0.295,0.00819,0.0084,0.043,0.513,0.002193,0.00516,0.346,0.349,0.119,0.448,0.022967,0.026061,0.335,0.361,0.128305,0.108875,0.037,0.216,0.001739,0.002257,0.075,0.007575,0.0132,248295,0.28,773385,449293,0.8,0.09,0.02,0.02,0.01,0.06,367671,11967,36880,5138,1698,0.4618259258957057,1.3974449983817054,52762,40163,5941,30425,40645,9328,56067,20050,26141,1309,16024,48879,65147,9420,34078,0.0,0.0,0.0,0.0,0.0,0.0,0.0,0.0,0.0,0.0,0.0,0.0,0.0,0.0,0.0,0.0,0.0,0.0,0.0,0.0,0.0,0.0,0.0,0.0,0.0,0.0,0.0,0.0,0.0,0.0,0.0,0.0,0.0,0.0,0.0
District of Columbia,9,South,601723,9856.5,1,11815,61, DC-VA-MD-WV Metro Area,Washington-Arlington-Alexandria,47900,5582170,6388.1,6388.1,495,3262,2.0,0.0,9,3768.0,902,A,4,5536,0.0,0.0,0.0,0.0,0.0,0.0,0.0,235.0,21,0.0,6438,6438,11,8,273,3114,4.44,8,66,0.116,0.194,0.016588,0.010788,0.053,0.295,0.00742,0.005353,0.025,0.513,0.001375,0.002025,0.279,0.264,0.084,0.448,0.016212,0.01722,0.247,0.361,0.074841,0.062244,0.026,0.216,0.001196,0.001664,0.053,0.005141,0.009858,118779,0.31,576927,375487,0.34,0.05,0.35,0.13,0.07,0.06,287476,23720,129657,4506,4747,1.6512682797868345,1.5674351945901572,13335,33166,1050,10184,4768,1623,16725,10504,75591,868,14421,33771,37860,11062,25929,0.0,0.0,0.0,0.0,0.0,0.0,0.0,0.0,0.0,0.0,0.0,0.0,0.0,0.0,0.0,0.0,0.0,0.0,0.0,0.0,0.0,0.0,0.0,0.0,0.0,0.0,0.0,0.0,0.0,0.0,0.0,0.0,0.0,0.0,0.0
Florida,10,South,18801310,350.6,10,410,53625, FL Metro Area,Miami-Fort Lauderdale-Pompano Beach,33100,5564635,7395.3,2170.39,6338,54285,1163.0,823.0,77,62686.0,11111,A,4,90956,1281.0,0.0,1462.0,0.0,0.0,0.0,0.0,0.0,191,1462.0,102067,102067,12,341,10939,54744,2.58,47,610,0.087,0.194,0.011049,0.00696,0.083,0.295,0.010707,0.011786,0.052,0.513,0.003952,0.005928,0.359,0.346,0.126,0.448,0.021546,0.029484,0.307,0.361,0.101924,0.085346,0.035,0.216,0.001295,0.002345,0.079,0.006478,0.015168,5765648,0.24,17262966,9557108,0.79,0.09,0.02,0.01,0.02,0.06,7809358,375828,1331039,163452,74205,0.950206150108626,2.093027365373697,1152542,1026882,84070,756277,499441,252602,1204325,509098,687467,16197,594049,725663,1306055,282361,880266,0.0,0.0,0.0,0.0,0.0,0.0,0.0,0.0,0.0,0.0,0.0,0.0,0.0,0.0,0.0,0.0,0.0,0.0,0.0,0.0,0.0,0.0,0.0,0.0,0.0,0.0,0.0,0.0,0.0,0.0,0.0,0.0,0.0,0.0,0.0
Georgia,11,South,9687653,168.4,20,288,40861, GA Metro Area,Atlanta-Sandy Springs-Marietta,12060,5268860,2173.0,1183.438462,3929,12252,0.0,833.0,111,17125.0,6160,A,4,20134,0.0,0.0,1239.0,0.0,0.0,0.0,0.0,0.0,201,1239.0,26294,26294,13,113,4024,25114,2.39,35,265,0.089,0.194,0.009523,0.007387,0.073,0.295,0.009125,0.010658,0.046,0.513,0.003036,0.006118,0.311,0.331,0.126,0.448,0.025326,0.036666,0.325,0.361,0.118625,0.0962,0.032,0.216,0.001536,0.002688,0.062,0.005952,0.009672,2070692,0.28,8128931,4847726,0.79,0.09,0.02,0.01,0.02,0.06,3803012,157575,423375,65313,21011,0.5524831370503169,1.7174018909222477,388993,364633,47629,337361,533153,125871,551765,306023,370718,7610,240814,437837,577684,84814,382138,0.0,0.0,0.0,0.0,0.0,0.0,0.0,0.0,0.0,0.0,0.0,0.0,0.0,0.0,0.0,0.0,0.0,0.0,0.0,0.0,0.0,0.0,0.0,0.0,0.0,0.0,0.0,0.0,0.0,0.0,0.0,0.0,0.0,0.0,0.0
Hawaii,12,West,1360301,211.8,15,220,6423, HI Metro Area,Honolulu,26180,953207,11548.2,11548.2,204,8471,11.0,12.0,0,8698.0,319,A,4,11959,0.0,0.0,18.0,0.0,6.0,0.0,0.0,78.0,3,18.0,12278,12278,15,38,922,2749,1.94,14,73,0.093,0.194,0.009579,0.00744,0.041,0.295,0.002419,0.003321,0.031,0.513,0.00124,0.002604,0.318,0.306,0.115,0.448,0.020355,0.024035,0.249,0.361,0.065985,0.043326,0.029,0.216,0.000986,0.001769,0.059,0.004484,0.008201,355338,0.32,1096009,666501,0.67,0.15,0.06,0.03,0.03,0.06,455309,27233,99232,23115,16175,3.5525324559804443,5.076772038330013,63790,48941,8862,49841,20416,12105,76567,38344,33172,379,36930,64014,81211,17928,97642,0.0,0.0,0.0,0.0,0.0,0.0,0.0,0.0,0.0,0.0,0.0,0.0,0.0,0.0,0.0,0.0,0.0,0.0,0.0,0.0,0.0,0.0,0.0,0.0,0.0,0.0,0.0,0.0,0.0,0.0,0.0,0.0,0.0,0.0,0.0
Idaho,13,West,1567582,19.0,46,22,82643, ID Metro Area,Pocatello,38540,90656,1803.9,1574.0,415,5297,0.0,45.0,7,5764.0,1013,A,4,7857,0.0,0.0,62.0,0.0,8.0,0.0,0.0,0.0,10,62.0,8870,8870,16,66,627,3396,1.94,14,115,0.087,0.194,0.00957,0.006438,0.057,0.295,0.005586,0.005928,0.037,0.513,0.001554,0.004366,0.308,0.298,0.102,0.448,0.015606,0.022236,0.284,0.361,0.090312,0.08236,0.031,0.216,0.001178,0.002077,0.076,0.00684,0.0133,382826,0.26,1337554,791148,0.8,0.09,0.01,0.03,0.02,0.06,640270,14678,37825,12548,5391,0.8419885360863386,1.9597982101301012,85043,66304,38895,66078,82174,22871,97014,30085,51516,572,30997,71367,106586,14935,55310,0.0,0.0,0.0,0.0,0.0,0.0,0.0,0.0,0.0,0.0,0.0,0.0,0.0,0.0,0.0,0.0,0.0,0.0,0.0,0.0,0.0,0.0,0.0,0.0,0.0,0.0,0.0,0.0,0.0,0.0,0.0,0.0,0.0,0.0,0.0
Illinois,14,Midwest,12830632,231.1,14,228,55519, IL-IN-WI Metro Area,Chicago-Joliet-Naperville,16980,9461105,8613.4,2643.0,5994,29231,0.0,0.0,99,35324.0,10357,A,4,43224,0.0,0.0,0.0,0.0,0.0,0.0,0.0,0.0,243,0.0,53581,53581,17,205,6277,32066,2.52,44,402,0.087,0.194,0.007743,0.006873,0.066,0.295,0.005214,0.009504,0.034,0.513,0.001666,0.003468,0.325,0.323,0.1,0.448,0.0176,0.0219,0.318,0.361,0.115434,0.10335,0.028,0.216,0.001204,0.001792,0.069,0.006348,0.011385,2804799,0.29,10040920,6174906,0.73,0.08,0.09,0.03,0.02,0.05,4864864,309772,695871,75949,34306,0.7051790142540469,1.561174166430963,522493,558371,58436,340773,741270,177032,662419,389998,483442,14243,262446,599098,861426,127667,443623,0.0,0.0,0.0,0.0,0.0,0.0,0.0,0.0,0.0,0.0,0.0,0.0,0.0,0.0,0.0,0.0,0.0,0.0,0.0,0.0,0.0,0.0,0.0,0.0,0.0,0.0,0.0,0.0,0.0,0.0,0.0,0.0,0.0,0.0,0.0
Indiana,15,Midwest,6483802,181.0,18,188,35826, IN Metro Area,Lafayette,29140,201789,3227.7,1841.7,2159,11214,0.0,0.0,49,13422.0,3953,B,3,15847,0.0,0.0,0.0,0.0,0.0,0.0,0.0,0.0,116,0.0,19800,19800,18,179,4065,18156,2.71,25,197,0.1,0.194,0.0103,0.0092,0.09,0.295,0.01368,0.01413,0.05,0.513,0.00325,0.0067,0.341,0.352,0.125,0.448,0.024875,0.03225,0.341,0.361,0.128216,0.111166,0.034,0.216,0.001632,0.002686,0.073,0.007446,0.01241,1477824,0.29,5205600,3171334,0.83,0.09,0.01,0.02,0.02,0.04,2599169,121149,201428,32546,14157,0.5446740862175564,1.2521694433874826,289803,289121,34348,196142,629324,76288,353805,152125,155474,3714,110250,289000,446088,55763,225028,0.0,0.0,0.0,0.0,0.0,0.0,0.0,0.0,0.0,0.0,0.0,0.0,0.0,0.0,0.0,0.0,0.0,0.0,0.0,0.0,0.0,0.0,0.0,0.0,0.0,0.0,0.0,0.0,0.0,0.0,0.0,0.0,0.0,0.0,0.0
Iowa,16,Midwest,3046355,54.5,38,57,55857, IA Metro Area,Iowa City,26980,152586,2707.7,2197.585714,497,6888,0.0,94.0,7,7486.0,786,A,4,9454,0.0,85.0,153.0,0.0,0.0,0.0,0.0,188.0,14,153.0,10240,10240,19,98,1884,9423,2.99,14,80,0.079,0.194,0.005925,0.005451,0.058,0.295,0.005626,0.006844,0.044,0.513,0.002244,0.005456,0.341,0.315,0.1,0.448,0.0138,0.0213,0.353,0.361,0.138729,0.12002,0.024,0.216,0.000696,0.00132,0.071,0.006461,0.012141,743615,0.32,2464341,1587362,0.82,0.08,0.01,0.03,0.01,0.05,1267873,41355,117875,14676,5643,0.44507612355496173,1.157529184705408,156259,154589,53390,99730,244422,44363,193329,69971,67083,1422,45942,163679,232908,28162,96329,0.0,0.0,0.0,0.0,0.0,0.0,0.0,0.0,0.0,0.0,0.0,0.0,0.0,0.0,0.0,0.0,0.0,0.0,0.0,0.0,0.0,0.0,0.0,0.0,0.0,0.0,0.0,0.0,0.0,0.0,0.0,0.0,0.0,0.0,0.0
Kansas,17,Midwest,2853118,34.9,42,36,81759, KS Metro Area,Lawrence,29940,110826,2795.5,2105.675,428,4996,0.0,79.0,9,5512.0,698,B,3,6880,0.0,0.0,172.0,0.0,0.0,0.0,0.0,0.0,21,172.0,7578,7578,20,97,1623,9659,3.32,18,91,0.098,0.194,0.009506,0.008428,0.067,0.295,0.007839,0.00871,0.044,0.513,0.003564,0.005104,0.341,0.328,0.116,0.448,0.019024,0.028536,0.344,0.361,0.13588,0.10664,0.027,0.216,0.001269,0.001593,0.071,0.006745,0.013206,645949,0.31,2229203,1418803,0.82,0.09,0.01,0.02,0.01,0.05,1133408,43958,95301,15223,9357,0.8255632570089501,1.3431173946187074,131651,128282,39276,93468,177169,40496,148821,63133,85550,2107,52039,154460,199777,25649,90233,0.0,0.0,0.0,0.0,0.0,0.0,0.0,0.0,0.0,0.0,0.0,0.0,0.0,0.0,0.0,0.0,0.0,0.0,0.0,0.0,0.0,0.0,0.0,0.0,0.0,0.0,0.0,0.0,0.0,0.0,0.0,0.0,0.0,0.0,0.0
Kentucky,18,South,4339367,109.9,24,114,39486, KY Metro Area,Lexington-Fayette,30460,472099,2918.6,1862.98,480,6330,0.0,0.0,11,6821.0,831,A,4,14741,0.0,0.0,0.0,0.0,0.0,0.0,0.0,0.0,37,0.0,15572,15572,21,166,3603,14329,3.21,24,324,0.115,0.194,0.01426,0.01219,0.121,0.295,0.026862,0.024563,0.063,0.513,0.006111,0.009198,0.381,0.394,0.137,0.448,0.030003,0.037812,0.366,0.361,0.155184,0.112728,0.042,0.216,0.00231,0.003654,0.081,0.009396,0.01539,1026703,0.24,3492675,1952946,0.83,0.09,0.01,0.02,0.01,0.04,1732713,75088,109616,24900,8193,0.4728422999077169,1.4370527606129808,203832,191416,29283,121345,278003,45842,228334,106626,95521,3190,80628,191104,284525,30238,142972,0.0,0.0,0.0,0.0,0.0,0.0,0.0,0.0,0.0,0.0,0.0,0.0,0.0,0.0,0.0,0.0,0.0,0.0,0.0,0.0,0.0,0.0,0.0,0.0,0.0,0.0,0.0,0.0,0.0,0.0,0.0,0.0,0.0,0.0,0.0
Louisiana,19,South,4533372,104.9,26,108,43204, LA Metro Area,New Orleans-Metairie-Kenner,35380,1167764,4370.2,1640.7375,5237,33730,0.0,1355.0,239,40561.0,12496,A,4,46002,0.0,1726.0,0.0,0.0,0.0,571.0,0.0,0.0,409,0.0,58498,58498,22,64,1900,15272,3.28,34,287,0.089,0.194,0.009434,0.005785,0.099,0.295,0.014058,0.015246,0.06,0.513,0.00582,0.0096,0.376,0.39,0.141,0.448,0.032007,0.038211,0.368,0.361,0.147936,0.117024,0.038,0.216,0.002432,0.002964,0.068,0.005916,0.011764,1019862,0.26,3579169,1978312,0.83,0.09,0.01,0.02,0.02,0.03,1737220,46408,122420,29416,9101,0.5238829854595273,1.693280068154868,183417,190943,22047,166987,155608,51297,228123,88707,114457,853,78345,187626,295157,54898,166213,0.0,0.0,0.0,0.0,0.0,0.0,0.0,0.0,0.0,0.0,0.0,0.0,0.0,0.0,0.0,0.0,0.0,0.0,0.0,0.0,0.0,0.0,0.0,0.0,0.0,0.0,0.0,0.0,0.0,0.0,0.0,0.0,0.0,0.0,0.0
Maine,20,Northeast,1328361,43.1,40,44,30843, ME Metro Area,Lewiston-Auburn,30340,107702,1838.6,1379.033333,303,6088,0.0,57.0,5,6453.0,456,A,4,6088,0.0,0.0,83.0,0.0,0.0,0.0,0.0,140.0,10,83.0,6544,6544,23,52,1187,3400,2.54,18,156,0.123,0.194,0.013284,0.011931,0.081,0.295,0.009234,0.010611,0.052,0.513,0.002964,0.006292,0.374,0.348,0.106,0.448,0.014628,0.021306,0.304,0.361,0.09272,0.082688,0.03,0.216,0.00108,0.00189,0.084,0.0084,0.014448,384322,0.3,1105382,664351,0.78,0.1,0.01,0.04,0.02,0.06,570307,26811,35591,4930,2630,0.46115513223579585,0.8644466927461877,76195,78602,16801,46978,58267,13015,88877,23879,39799,673,23861,68407,119023,13218,44900,253718.0,98644.0,67770.0,30874.0,33952.0,15076.0,11356.0,7520.0,75180.0,14649.0,5626.0,43198.0,11707.0,45942.0,31081.0,14861.0,124578.0,25767.0,10975.0,5587.0,5388.0,39207.0,29464.0,19165.0,145515.0,64185.0,81330.0,70310.0,9722.0,37048.0,23540.0,84419.0,37558.0,24942.0,21919.0
Maryland,21,South,5773552,594.8,7,627,9707, MD Metro Area,Baltimore-Towson,12580,2710489,5435.7,2608.366667,1660,14868,0.0,429.0,18,16975.0,3125,A,4,22485,0.0,0.0,821.0,0.0,0.0,0.0,0.0,159.0,53,821.0,25610,25610,24,100,3141,11577,1.92,17,129,0.093,0.194,0.009393,0.006696,0.057,0.295,0.004902,0.006726,0.041,0.513,0.002501,0.00451,0.325,0.324,0.12,0.448,0.02352,0.02808,0.309,0.361,0.109386,0.086211,0.031,0.216,0.001209,0.00217,0.07,0.0063,0.01281,1324920,0.33,4754654,3034807,0.74,0.09,0.08,0.02,0.02,0.05,2215935,108482,380998,32388,14503,0.6544867065144059,1.461595218271294,240670,235815,13260,220424,138126,49239,289973,129690,340326,4095,136420,305497,430750,65977,200593,0.0,0.0,0.0,0.0,0.0,0.0,0.0,0.0,0.0,0.0,0.0,0.0,0.0,0.0,0.0,0.0,0.0,0.0,0.0,0.0,0.0,0.0,0.0,0.0,0.0,0.0,0.0,0.0,0.0,0.0,0.0,0.0,0.0,0.0,0.0
Massachusetts,22,Northeast,6547629,839.4,5,894,7800, MA-NH Metro Area,Boston-Cambridge-Quincy,14460,4552402,7980.1,3230.88,6620,40315,0.0,562.0,89,47586.0,11736,B,3,57064,0.0,0.0,1068.0,0.0,0.0,0.0,0.0,0.0,216,1068.0,68800,68800,25,180,3993,15649,2.27,39,276,0.102,0.194,0.008364,0.009894,0.051,0.295,0.00306,0.005712,0.035,0.513,0.001505,0.00322,0.325,0.286,0.086,0.448,0.01032,0.01634,0.257,0.361,0.076329,0.066563,0.03,0.216,0.00111,0.00174,0.068,0.00544,0.012376,1588116,0.33,5633413,3554798,0.7,0.07,0.1,0.05,0.02,0.05,2624294,158161,426667,35790,19139,0.7293009091207007,1.363795367439776,290387,315036,13200,203961,310373,77733,360781,123573,378941,7029,135630,428829,600557,73438,242501,0.0,0.0,0.0,0.0,0.0,0.0,0.0,0.0,0.0,0.0,0.0,0.0,0.0,0.0,0.0,0.0,0.0,0.0,0.0,0.0,0.0,0.0,0.0,0.0,0.0,0.0,0.0,0.0,0.0,0.0,0.0,0.0,0.0,0.0,0.0
Michigan,23,Midwest,9883640,174.8,19,178,56539, MI Metro Area,Detroit-Warren-Livonia,19820,4296250,3800.4,2051.766667,7615,11893,0.0,0.0,259,19767.0,14225,B,3,11893,0.0,0.0,0.0,0.0,0.0,0.0,0.0,0.0,540,0.0,26118,26118,26,238,5350,24949,2.5,38,302,0.112,0.194,0.01232,0.009856,0.086,0.295,0.012298,0.012126,0.05,0.513,0.00345,0.0066,0.351,0.347,0.117,0.448,0.021762,0.027144,0.33,0.361,0.12441,0.10659,0.035,0.216,0.001715,0.00266,0.077,0.008393,0.014322,2421416,0.25,7986376,4611616,0.82,0.09,0.01,0.02,0.01,0.04,3957466,176190,360828,47088,19168,0.4843503393333007,1.189852294372207,472713,479452,45250,261657,885248,105681,500757,175546,270588,6909,172336,394790,699542,95544,363562,1717417.0,672676.0,441138.0,231538.0,306911.0,131453.0,137887.0,37571.0,431981.0,71479.0,40624.0,237337.0,82541.0,305849.0,209260.0,96589.0,839208.0,175515.0,75517.0,39173.0,36344.0,286529.0,178031.0,123616.0,987180.0,458216.0,528964.0,368162.0,24279.0,209211.0,134672.0,796489.0,433413.0,166081.0,196995.0
Minnesota,24,Midwest,5303925,66.6,33,72,79627, MN-WI Metro Area,Minneapolis-St. Paul-Bloomington,33460,3279833,3383.4,1900.84,629,19151,0.0,112.0,12,19904.0,865,A,4,24558,0.0,95.0,180.0,42.0,69.0,0.0,0.0,440.0,24,180.0,25423,25423,27,94,2764,13895,2.48,16,87,0.083,0.194,0.00747,0.005893,0.044,0.295,0.002684,0.004048,0.034,0.513,0.0017,0.003366,0.29,0.266,0.089,0.448,0.011125,0.017266,0.301,0.361,0.100534,0.0903,0.024,0.216,0.000624,0.001368,0.064,0.005376,0.01056,1243961,0.31,4395381,2920543,0.78,0.08,0.04,0.03,0.02,0.06,2194452,49857,368326,35384,15662,0.713708935078097,1.6124298913806272,256994,244096,59404,171645,389544,82125,332415,123057,192149,7797,90552,270056,495555,64291,176640,0.0,0.0,0.0,0.0,0.0,0.0,0.0,0.0,0.0,0.0,0.0,0.0,0.0,0.0,0.0,0.0,0.0,0.0,0.0,0.0,0.0,0.0,0.0,0.0,0.0,0.0,0.0,0.0,0.0,0.0,0.0,0.0,0.0,0.0,0.0
Mississippi,25,South,2967297,63.2,34,64,46923, MS Metro Area,Jackson,27140,539057,1277.9,1015.25,937,3537,0.0,211.0,20,4705.0,1455,B,3,5133,0.0,0.0,436.0,0.0,0.0,0.0,0.0,0.0,35,436.0,6588,6588,28,48,2227,12071,4.05,20,227,0.097,0.194,0.010088,0.010476,0.097,0.295,0.01552,0.016005,0.053,0.513,0.004611,0.006784,0.377,0.408,0.144,0.448,0.032112,0.044784,0.395,0.361,0.17459,0.12956,0.025,0.216,0.000975,0.001275,0.071,0.007881,0.011289,667073,0.24,2296728,1207063,0.86,0.09,0.0,0.01,0.01,0.03,1108630,46834,51223,18372,8199,0.7395614406970766,1.6571804840208184,127066,127945,20037,77365,161967,29981,145942,63838,43423,820,43052,121281,189362,31322,86252,0.0,0.0,0.0,0.0,0.0,0.0,0.0,0.0,0.0,0.0,0.0,0.0,0.0,0.0,0.0,0.0,0.0,0.0,0.0,0.0,0.0,0.0,0.0,0.0,0.0,0.0,0.0,0.0,0.0,0.0,0.0,0.0,0.0,0.0,0.0
Missouri,26,Midwest,5988927,87.1,30,90,68742, MI Metro Area,Lansing-East Lansing,29620,464036,3222.2,1800.055556,1327,14614,0.0,0.0,14,15955.0,2291,A,4,22614,0.0,413.0,0.0,0.0,0.0,0.0,0.0,0.0,24,0.0,24905,24905,29,132,3392,18749,3.06,29,270,0.094,0.194,0.010434,0.007144,0.091,0.295,0.011739,0.013559,0.051,0.513,0.003774,0.006222,0.343,0.32,0.115,0.448,0.018745,0.026565,0.35,0.361,0.1323,0.10955,0.025,0.216,0.000875,0.001475,0.073,0.006351,0.012775,1448367,0.27,4797181,2873163,0.82,0.09,0.01,0.02,0.01,0.05,2434806,95255,192972,33360,13446,0.5522411231120673,1.3701296941111532,287644,282802,45611,193942,333791,75144,333328,136153,177969,5319,107362,269670,431430,55748,209239,1099527.0,440394.0,280201.0,160193.0,159590.0,89357.0,42793.0,27440.0,305081.0,51968.0,29745.0,176913.0,46455.0,194462.0,124410.0,70052.0,493787.0,92286.0,56093.0,29591.0,26502.0,166666.0,100734.0,78008.0,643014.0,290457.0,352557.0,254608.0,18121.0,148126.0,88361.0,430663.0,196507.0,112941.0,121215.0
Montana,27,West,989415,6.8,50,7,145546, MO-KS Metro Area,Kansas City,28140,2035334,2326.1,1599.383333,184,4234,0.0,14.0,4,4436.0,265,A,4,5912,0.0,0.0,24.0,0.0,0.0,0.0,0.0,0.0,5,24.0,6177,6177,30,36,510,3542,3.34,14,65,0.1,0.194,0.01,0.0075,0.06,0.295,0.00612,0.00684,0.042,0.513,0.00273,0.004326,0.289,0.29,0.094,0.448,0.011374,0.017202,0.269,0.361,0.090384,0.064829,0.02,0.216,0.00052,0.0008,0.079,0.008611,0.014141,279971,0.31,843546,511597,0.75,0.09,0.01,0.06,0.02,0.07,431421,12474,27821,6185,1775,0.4114310615384972,1.4336344313327354,59493,52059,26056,36751,28981,10743,59755,25271,29366,342,15954,43420,75593,12029,50240,0.0,0.0,0.0,0.0,0.0,0.0,0.0,0.0,0.0,0.0,0.0,0.0,0.0,0.0,0.0,0.0,0.0,0.0,0.0,0.0,0.0,0.0,0.0,0.0,0.0,0.0,0.0,0.0,0.0,0.0,0.0,0.0,0.0,0.0,0.0
Nebraska,28,Midwest,1826341,23.8,45,25,76824, NE Metro Area,Lincoln,30700,302157,3748.0,3748.0,172,2931,8.0,0.0,3,3114.0,321,A,4,5058,10.0,0.0,0.0,0.0,0.0,0.0,0.0,0.0,6,0.0,5379,5379,31,87,1119,6842,3.55,7,45,0.089,0.194,0.008455,0.007209,0.063,0.295,0.00567,0.008127,0.038,0.513,0.00209,0.00418,0.319,0.306,0.097,0.448,0.016005,0.019594,0.341,0.361,0.142879,0.110484,0.027,0.216,0.001161,0.001431,0.071,0.006745,0.012496,423109,0.35,1477589,980815,0.82,0.09,0.01,0.03,0.01,0.05,765490,27869,90570,9647,3929,0.513266012619368,1.260238540020118,86718,90667,42566,72159,96538,25795,108838,50372,53138,1573,32763,96914,149408,15416,60083,381088.0,159618.0,108416.0,51202.0,52453.0,29303.0,14610.0,8540.0,109861.0,18608.0,8583.0,67738.0,14932.0,59156.0,42728.0,16428.0,165496.0,32164.0,16181.0,7310.0,8871.0,53374.0,32205.0,31572.0,209792.0,95089.0,114703.0,101231.0,14778.0,52608.0,33845.0,141740.0,67421.0,39859.0,34460.0
Nevada,29,West,2700551,24.6,44,29,109781, NV Metro Area,Las Vegas-Paradise,29820,1951269,6527.2,4166.35,1113,10681,0.0,0.0,17,11811.0,1742,A,4,14421,0.0,0.0,0.0,0.0,0.0,0.0,0.0,0.0,46,0.0,16163,16163,32,43,1456,6493,2.14,7,45,0.08,0.194,0.00904,0.00496,0.073,0.295,0.007592,0.011242,0.043,0.513,0.002709,0.004644,0.331,0.327,0.108,0.448,0.014688,0.027108,0.295,0.361,0.092335,0.082895,0.04,0.216,0.00252,0.00364,0.064,0.005696,0.011008,661507,0.27,2385543,1418382,0.78,0.11,0.03,0.02,0.02,0.04,1129810,81826,148686,30758,15148,1.3407564103698852,2.7224046521096468,125090,113980,6993,109882,67616,30177,161963,83066,79429,3069,79953,93774,141295,127099,212268,0.0,0.0,0.0,0.0,0.0,0.0,0.0,0.0,0.0,0.0,0.0,0.0,0.0,0.0,0.0,0.0,0.0,0.0,0.0,0.0,0.0,0.0,0.0,0.0,0.0,0.0,0.0,0.0,0.0,0.0,0.0,0.0,0.0,0.0,0.0
New Hampshire,30,Northeast,1316470,147.0,23,153,8953, NH Metro Area,Manchester-Nashua,31700,400721,2855.8,2855.8,314,5413,65.0,45.0,3,5840.0,540,B,3,6965,94.0,0.0,80.0,0.0,0.0,0.0,0.0,144.0,7,80.0,7505,7505,33,47,704,2783,2.06,10,43,0.118,0.194,0.012272,0.009558,0.08,0.295,0.00872,0.01048,0.038,0.513,0.0019,0.00399,0.329,0.3,0.103,0.448,0.01442,0.019776,0.296,0.361,0.088504,0.083768,0.025,0.216,0.00075,0.0013,0.079,0.008137,0.013983,346662,0.34,1112869,712442,0.81,0.07,0.01,0.03,0.02,0.07,531212,24308,56011,6166,2028,0.3817684841456895,1.1607418507112037,68433,60736,5037,49619,92892,17065,93598,21437,53800,482,31276,71326,105325,12182,52810,0.0,0.0,0.0,0.0,0.0,0.0,0.0,0.0,0.0,0.0,0.0,0.0,0.0,0.0,0.0,0.0,0.0,0.0,0.0,0.0,0.0,0.0,0.0,0.0,0.0,0.0,0.0,0.0,0.0,0.0,0.0,0.0,0.0,0.0,0.0
New Jersey,31,Northeast,8791894,1195.5,2,1215,7354, NJ Metro Area,Trenton-Ewing,45940,366513,5864.6,3422.88,18696,27077,0.0,0.0,267,46040.0,34124,A,4,41232,0.0,0.0,0.0,0.0,0.0,0.0,0.0,0.0,846,0.0,75356,75356,34,146,3951,20901,2.35,23,129,0.084,0.194,0.008316,0.006384,0.056,0.295,0.005432,0.005936,0.037,0.513,0.002072,0.003293,0.346,0.33,0.108,0.448,0.01674,0.027648,0.257,0.361,0.081726,0.066306,0.031,0.216,0.001581,0.001767,0.071,0.006532,0.013561,2022272,0.33,7080172,4386693,0.71,0.08,0.12,0.03,0.02,0.05,3249567,153191,538871,68461,37355,1.149537769185864,2.1067729946789835,386263,360379,12540,272033,359406,151778,493889,243283,420861,7398,177570,460200,614270,103856,253225,0.0,0.0,0.0,0.0,0.0,0.0,0.0,0.0,0.0,0.0,0.0,0.0,0.0,0.0,0.0,0.0,0.0,0.0,0.0,0.0,0.0,0.0,0.0,0.0,0.0,0.0,0.0,0.0,0.0,0.0,0.0,0.0,0.0,0.0,0.0
New Mexico,32,West,2059179,17.0,47,17,121298, NM Metro Area,Albuquerque,10740,887077,3518.6,1975.7,281,12246,0.0,22.0,4,12553.0,495,A,4,15137,0.0,41.0,0.0,0.0,0.0,18.0,0.0,26.0,10,0.0,15632,15632,35,63,1050,3811,1.82,17,212,0.099,0.194,0.010989,0.011286,0.063,0.295,0.006741,0.008064,0.034,0.513,0.00187,0.003026,0.314,0.305,0.125,0.448,0.0225,0.0295,0.323,0.361,0.109174,0.080427,0.03,0.216,0.00147,0.00186,0.064,0.005312,0.00928,504653,0.24,1639138,865888,0.79,0.11,0.01,0.02,0.02,0.05,794093,20258,52088,18165,10114,1.2736543452719014,2.287515442145945,98774,97771,18548,64495,35268,15860,100817,27560,67675,772,39860,87662,123367,20902,77991,0.0,0.0,0.0,0.0,0.0,0.0,0.0,0.0,0.0,0.0,0.0,0.0,0.0,0.0,0.0,0.0,0.0,0.0,0.0,0.0,0.0,0.0,0.0,0.0,0.0,0.0,0.0,0.0,0.0,0.0,0.0,0.0,0.0,0.0,0.0
New York,33,Northeast,19378102,411.2,9,413,47126, NY-NJ-PA Metro Area,New York-Northern New Jersey-Long Island,35620,18897109,31251.4,4815.95,75795,129391,0.0,15904.0,1550,222640.0,113704,A,4,169917,0.0,15905.0,26383.0,4126.0,0.0,0.0,0.0,10478.0,3565,26383.0,283621,283621,36,280,7895,51927,2.66,62,760,0.101,0.194,0.009797,0.009595,0.058,0.295,0.005278,0.00638,0.038,0.513,0.001862,0.00399,0.326,0.294,0.11,0.448,0.01969,0.02651,0.276,0.361,0.08556,0.07452,0.027,0.216,0.000972,0.001458,0.068,0.006528,0.012036,4480458,0.29,15709161,9287627,0.53,0.06,0.28,0.06,0.02,0.05,7367015,387636,2164884,234654,143409,1.9466364599501969,3.185197803995241,775833,891304,46080,545896,551379,205014,941072,493038,797523,11898,357088,1068001,1579463,241556,664140,0.0,0.0,0.0,0.0,0.0,0.0,0.0,0.0,0.0,0.0,0.0,0.0,0.0,0.0,0.0,0.0,0.0,0.0,0.0,0.0,0.0,0.0,0.0,0.0,0.0,0.0,0.0,0.0,0.0,0.0,0.0,0.0,0.0,0.0,0.0
North Carolina,34,South,9535483,196.1,17,218,148618, NC-SC Metro Area,Charlotte-Gastonia-Rock Hill,16740,1758038,1881.3,1223.171429,1498,21608,0.0,157.0,8,23271.0,2402,A,4,36371,0.0,271.0,259.0,0.0,0.0,0.0,0.0,0.0,24,259.0,38773,38773,37,272,5566,21549,2.08,40,264,0.094,0.194,0.01034,0.00799,0.081,0.295,0.011421,0.011502,0.057,0.513,0.004674,0.009063,0.355,0.348,0.125,0.448,0.024375,0.03225,0.33,0.361,0.13299,0.09108,0.032,0.216,0.001472,0.002336,0.07,0.00644,0.01204,2353499,0.27,8154786,4768759,0.81,0.09,0.01,0.02,0.01,0.06,4011462,168613,359221,69809,25269,0.6299199643421776,1.740238347016624,469303,436730,61258,334687,596739,113365,552903,189907,328909,6907,206120,437254,665197,94145,382831,1868589.0,760621.0,497228.0,263393.0,285662.0,158525.0,79814.0,47323.0,517290.0,93555.0,43103.0,295184.0,85448.0,305016.0,195597.0,109419.0,846977.0,143121.0,94398.0,47338.0,47060.0,284450.0,186718.0,138290.0,1000416.0,510265.0,490151.0,439193.0,32455.0,242966.0,163772.0,715663.0,342165.0,181757.0,191741.0
North Dakota,35,Midwest,672591,9.7,49,11,69001, ND-MN Metro Area,Fargo,22020,208777,2770.1,2205.5,126,4131,0.0,21.0,3,4281.0,186,B,3,6021,0.0,0.0,30.0,0.0,0.0,0.0,0.0,63.0,3,30.0,6207,6207,38,20,460,3235,4.27,4,26,0.082,0.194,0.007052,0.00656,0.051,0.295,0.003876,0.005253,0.043,0.513,0.002752,0.005805,0.311,0.295,0.094,0.448,0.014382,0.020962,0.351,0.361,0.130923,0.120393,0.025,0.216,0.0007,0.00195,0.067,0.006231,0.011859,162220,0.32,585782,392429,0.82,0.09,0.01,0.03,0.01,0.04,319355,11661,63442,4977,1724,0.5398381111928732,1.5584537583566878,32293,35028,23104,24743,27951,13127,45560,17241,16857,458,8473,37356,69462,6818,23464,0.0,0.0,0.0,0.0,0.0,0.0,0.0,0.0,0.0,0.0,0.0,0.0,0.0,0.0,0.0,0.0,0.0,0.0,0.0,0.0,0.0,0.0,0.0,0.0,0.0,0.0,0.0,0.0,0.0,0.0,0.0,0.0,0.0,0.0,0.0
Ohio,36,Midwest,11536504,282.3,12,288,40861, OH Metro Area,Cleveland-Elyria-Mentor,17460,2077240,3808.4,2132.976923,2199,26992,0.0,585.0,55,29831.0,3739,B,3,38132,0.0,0.0,1006.0,0.0,326.0,0.0,0.0,0.0,102,1006.0,41871,41871,39,284,6088,33157,2.84,47,304,0.095,0.194,0.008265,0.00874,0.085,0.295,0.010115,0.01326,0.05,0.513,0.00335,0.00685,0.334,0.347,0.122,0.448,0.022814,0.030256,0.34,0.361,0.13328,0.11118,0.029,0.216,0.000928,0.001943,0.072,0.007128,0.012312,2792679,0.28,9237632,5515839,0.82,0.08,0.02,0.02,0.01,0.04,4685447,216505,450549,51271,14744,0.31467648657641417,1.0942605902915985,539235,563134,40279,311464,847686,144410,642851,256711,321398,10022,220409,487203,874783,95156,417067,0.0,0.0,0.0,0.0,0.0,0.0,0.0,0.0,0.0,0.0,0.0,0.0,0.0,0.0,0.0,0.0,0.0,0.0,0.0,0.0,0.0,0.0,0.0,0.0,0.0,0.0,0.0,0.0,0.0,0.0,0.0,0.0,0.0,0.0,0.0
Oklahoma,37,South,3751351,54.7,37,58,68595, OK Metro Area,Oklahoma City,36420,1252987,2568.8,2126.433333,565,1229,0.0,177.0,23,1994.0,1159,B,3,1362,0.0,0.0,316.0,0.0,0.0,0.0,0.0,0.0,42,316.0,2521,2521,40,135,3256,11144,2.83,20,99,0.103,0.194,0.010712,0.008961,0.085,0.295,0.012155,0.01258,0.058,0.513,0.00493,0.008758,0.37,0.377,0.125,0.448,0.026125,0.032,0.348,0.361,0.13746,0.102312,0.029,0.216,0.001218,0.001943,0.072,0.007128,0.012456,857599,0.28,3008712,1758388,0.83,0.1,0.0,0.02,0.01,0.04,1485310,54039,108758,27804,10012,0.6740680396684867,1.8719324585440078,170881,166592,26226,122588,174633,42288,208426,76839,92545,2826,62863,160304,236670,45145,133149,0.0,0.0,0.0,0.0,0.0,0.0,0.0,0.0,0.0,0.0,0.0,0.0,0.0,0.0,0.0,0.0,0.0,0.0,0.0,0.0,0.0,0.0,0.0,0.0,0.0,0.0,0.0,0.0,0.0,0.0,0.0,0.0,0.0,0.0,0.0
Oregon,38,West,3831074,39.9,41,45,95988, OR-WA Metro Area,Portland-Vancouver-Hillsboro,38900,2226009,4372.6,2644.166667,690,13136,0.0,154.0,18,13998.0,899,A,4,16535,0.0,0.0,204.0,0.0,0.0,38.0,40.0,0.0,22,204.0,17434,17434,41,200,1645,6889,1.65,30,232,0.116,0.194,0.01276,0.011368,0.069,0.295,0.005589,0.009108,0.05,0.513,0.0027,0.0062,0.321,0.301,0.11,0.448,0.01925,0.02068,0.299,0.361,0.107042,0.083421,0.029,0.216,0.001189,0.001769,0.079,0.008374,0.013746,1016180,0.25,3379241,1992019,0.72,0.1,0.04,0.04,0.03,0.08,1639970,75638,214766,40676,19220,1.1719726580364276,2.480289273584273,204398,194825,62170,135580,229085,52769,229445,75568,144160,4880,86147,168851,291542,44673,157751,808107.0,321616.0,217403.0,104213.0,140699.0,70693.0,47319.0,22687.0,224213.0,41192.0,19679.0,111267.0,52075.0,121579.0,83348.0,38231.0,365744.0,79395.0,35421.0,22009.0,13412.0,128635.0,68670.0,53623.0,412851.0,185653.0,227198.0,188716.0,36200.0,96852.0,55664.0,253603.0,111132.0,66821.0,75650.0
Pennsylvania,39,Northeast,12702379,283.9,11,287,44743, PA-NJ-DE-MD Metro Area,Philadelphia-Camden-Wilmington,37980,5965343,7773.2,3170.7,4843,37645,0.0,514.0,63,43065.0,10017,A,4,60013,0.0,0.0,1004.0,0.0,0.0,0.0,0.0,0.0,136,1004.0,70030,70030,42,361,7044,36730,2.87,43,306,0.1,0.194,0.0115,0.0088,0.071,0.295,0.00781,0.009727,0.049,0.513,0.002744,0.006272,0.33,0.326,0.113,0.448,0.018419,0.024182,0.309,0.361,0.107223,0.087447,0.032,0.216,0.001376,0.00192,0.073,0.00657,0.012702,3227151,0.29,10271420,6129917,0.76,0.09,0.06,0.04,0.02,0.05,5070931,160708,452726,48214,22250,0.43877544379917616,0.9507918762846507,632057,650681,54560,368589,733387,162839,704752,298688,417541,10021,235990,583147,1028136,123262,393631,2420543.0,945276.0,592982.0,352294.0,359781.0,183542.0,112963.0,63276.0,664980.0,127246.0,67054.0,365068.0,105612.0,450506.0,302558.0,147948.0,1083155.0,236048.0,126527.0,66130.0,60397.0,337307.0,215702.0,167571.0,1318028.0,586125.0,731903.0,503752.0,27371.0,283713.0,192668.0,923467.0,381848.0,251989.0,289630.0
Rhode Island,40,Northeast,1052567,1018.1,4,1021,1034, RI-MA Metro Area,Providence-New Bedford-Fall River,39300,1600852,4763.7,4763.7,488,3476,0.0,59.0,8,4031.0,806,B,3,5584,0.0,93.0,93.0,31.0,31.0,6.0,6.0,35.0,17,93.0,6390,6390,44,46,622,2187,2.07,8,52,0.119,0.194,0.014399,0.013447,0.069,0.295,0.007245,0.008832,0.039,0.513,0.00195,0.00429,0.33,0.331,0.109,0.448,0.019838,0.024198,0.277,0.361,0.091687,0.073682,0.024,0.216,0.000552,0.001392,0.073,0.005986,0.013797,257992,0.31,865601,515707,0.82,0.08,0.02,0.03,0.01,0.04,1179637,46939,99128,22378,7079,0.6000998612284966,1.8970242540713795,151631,166543,12647,56193,91250,22946,133398,27532,41581,532,58946,106388,124648,12066,87875,0.0,0.0,0.0,0.0,0.0,0.0,0.0,0.0,0.0,0.0,0.0,0.0,0.0,0.0,0.0,0.0,0.0,0.0,0.0,0.0,0.0,0.0,0.0,0.0,0.0,0.0,0.0,0.0,0.0,0.0,0.0,0.0,0.0,0.0,0.0
South Carolina,41,South,4625364,153.9,22,173,30061, SC Metro Area,Charleston-North Charleston-Summerville,16700,664607,1926.0,1038.055556,1083,4616,0.0,259.0,22,5980.0,1917,B,3,16397,0.0,0.0,241.0,0.0,0.0,0.0,0.0,0.0,40,241.0,18314,18314,45,138,2885,12120,2.38,23,200,0.091,0.194,0.009828,0.006916,0.082,0.295,0.010496,0.01148,0.049,0.513,0.003479,0.005782,0.367,0.381,0.133,0.448,0.027664,0.034048,0.343,0.361,0.125881,0.108045,0.032,0.216,0.001504,0.001952,0.076,0.007372,0.013452,1228275,0.25,4012850,2268973,0.82,0.1,0.01,0.01,0.02,0.05,406573,17516,51310,5070,1650,0.40583117914864003,1.2470085322930937,43736,54937,2801,28801,57469,11487,61476,19965,32511,597,22281,59354,84460,15919,41578,0.0,0.0,0.0,0.0,0.0,0.0,0.0,0.0,0.0,0.0,0.0,0.0,0.0,0.0,0.0,0.0,0.0,0.0,0.0,0.0,0.0,0.0,0.0,0.0,0.0,0.0,0.0,0.0,0.0,0.0,0.0,0.0,0.0,0.0,0.0
South Dakota,42,Midwest,814180,10.7,48,12,75811, SD Metro Area,Sioux Falls,43620,228261,2215.0,1692.9,108,3609,0.0,12.0,1,3730.0,212,A,4,5012,1.0,0.0,19.0,0.0,0.0,0.0,0.0,76.0,2,19.0,5224,5224,46,39,627,4183,4.76,4,48,0.079,0.194,0.006241,0.00553,0.046,0.295,0.003358,0.004738,0.044,0.513,0.002464,0.005544,0.295,0.308,0.093,0.448,0.010416,0.019158,0.301,0.361,0.100534,0.095718,0.027,0.216,0.000891,0.001647,0.079,0.007189,0.017222,205307,0.35,673526,445146,0.81,0.09,0.0,0.03,0.01,0.06,1927991,74344,132738,25969,12868,0.6674305014909302,1.3469461216364598,254014,222484,16732,158238,310636,50458,274323,93467,130987,3567,107621,202920,305788,39192,195849,0.0,0.0,0.0,0.0,0.0,0.0,0.0,0.0,0.0,0.0,0.0,0.0,0.0,0.0,0.0,0.0,0.0,0.0,0.0,0.0,0.0,0.0,0.0,0.0,0.0,0.0,0.0,0.0,0.0,0.0,0.0,0.0,0.0,0.0,0.0
Tennessee,43,South,6346105,153.9,21,167,41235, TN-MS-AR Metro Area,Memphis,32820,1316100,2372.3,1151.14,2239,25121,0.0,175.0,23,27558.0,3321,A,4,38070,0.0,0.0,311.0,0.0,0.0,0.0,0.0,416.0,43,311.0,41391,41391,47,165,4521,19387,2.86,29,207,0.098,0.194,0.012838,0.009604,0.106,0.295,0.019504,0.01749,0.057,0.513,0.0057,0.007353,0.365,0.387,0.138,0.448,0.031188,0.038778,0.344,0.361,0.134848,0.105608,0.039,0.216,0.002457,0.002964,0.076,0.007676,0.013224,1550510,0.27,5330967,3076837,0.83,0.09,0.01,0.01,0.01,0.05,345449,13175,36592,5057,2459,0.7118272161737332,1.4638919203703007,43204,38909,26746,31755,45924,13114,51461,15173,18425,345,11449,38149,74784,9367,29517,0.0,0.0,0.0,0.0,0.0,0.0,0.0,0.0,0.0,0.0,0.0,0.0,0.0,0.0,0.0,0.0,0.0,0.0,0.0,0.0,0.0,0.0,0.0,0.0,0.0,0.0,0.0,0.0,0.0,0.0,0.0,0.0,0.0,0.0,0.0
Texas,44,South,25145561,96.3,28,113,261232, TX Metro Area,Laredo,29700,250304,5300.1,2485.108,3266,39726,0.0,196.0,41,43229.0,6110,A,4,57641,0.0,0.0,196.0,0.0,0.0,0.0,0.0,38.0,105,196.0,63751,63751,48,448,12967,65671,2.29,72,537,0.074,0.194,0.00555,0.005698,0.062,0.295,0.004216,0.009362,0.038,0.513,0.002736,0.003572,0.33,0.325,0.126,0.448,0.02772,0.03717,0.348,0.361,0.131196,0.122844,0.037,0.216,0.001554,0.0037,0.051,0.003417,0.007497,5139025,0.3,21663694,13256665,0.81,0.1,0.01,0.01,0.02,0.05,2603140,112276,212529,35927,14922,0.5732307905068494,1.3801409067510775,306615,280975,22058,204744,412442,74261,363023,182901,168188,7919,145289,255047,447018,51688,252621,0.0,0.0,0.0,0.0,0.0,0.0,0.0,0.0,0.0,0.0,0.0,0.0,0.0,0.0,0.0,0.0,0.0,0.0,0.0,0.0,0.0,0.0,0.0,0.0,0.0,0.0,0.0,0.0,0.0,0.0,0.0,0.0,0.0,0.0,0.0
Utah,45,West,2763885,33.6,43,40,82170, UT Metro Area,Salt Lake City,41620,1124197,4563.5,2945.22,887,17626,0.0,73.0,5,18591.0,1428,A,4,26615,0.0,0.0,117.0,0.0,0.0,0.0,0.0,0.0,8,117.0,28043,28043,49,63,1022,5767,1.83,13,60,0.093,0.194,0.009672,0.009021,0.042,0.295,0.002352,0.003738,0.024,0.513,0.000888,0.00204,0.286,0.245,0.084,0.448,0.013356,0.017556,0.278,0.361,0.091184,0.081176,0.026,0.216,0.000988,0.001638,0.061,0.0061,0.011285,499149,0.3,2305534,1510473,0.76,0.11,0.02,0.02,0.02,0.07,9776083,463878,1439685,330718,127044,1.2995388848478475,3.382929543458254,975018,818397,107486,1188835,1126931,359631,1530829,702638,926538,23139,616788,1283010,1619124,209264,1054207,0.0,0.0,0.0,0.0,0.0,0.0,0.0,0.0,0.0,0.0,0.0,0.0,0.0,0.0,0.0,0.0,0.0,0.0,0.0,0.0,0.0,0.0,0.0,0.0,0.0,0.0,0.0,0.0,0.0,0.0,0.0,0.0,0.0,0.0,0.0
Vermont,46,Northeast,625741,67.9,32,68,9217, VT Metro Area,Burlington-South Burlington,15540,211261,2053.9,2053.9,293,3957,0.0,36.0,13,4299.0,461,A,4,5383,0.0,29.0,45.0,0.0,0.0,0.0,0.0,15.0,20,45.0,5844,5844,50,35,291,1305,2.09,11,72,0.12,0.194,0.01452,0.01176,0.062,0.295,0.005518,0.008184,0.036,0.513,0.00144,0.003492,0.304,0.304,0.092,0.448,0.01288,0.01656,0.275,0.361,0.085525,0.070125,0.02,0.216,0.00048,0.00086,0.075,0.00735,0.013125,172909,0.36,519162,323581,0.75,0.09,0.01,0.05,0.02,0.08,998891,34204,111097,29204,8906,0.8915887719480905,2.9236423193321395,113469,72310,11492,116509,153370,33559,178581,62564,120102,2455,74526,170261,173802,34633,99476,0.0,0.0,0.0,0.0,0.0,0.0,0.0,0.0,0.0,0.0,0.0,0.0,0.0,0.0,0.0,0.0,0.0,0.0,0.0,0.0,0.0,0.0,0.0,0.0,0.0,0.0,0.0,0.0,0.0,0.0,0.0,0.0,0.0,0.0,0.0
Virginia,47,South,8001024,202.6,16,218,39490, VA Metro Area,Richmond,40060,1258251,2175.7,1445.8875,1250,12151,0.0,165.0,27,13593.0,2407,A,4,19145,0.0,0.0,390.0,0.0,145.0,0.0,108.0,0.0,52,390.0,21552,21552,51,181,3334,18065,2.12,26,166,0.085,0.194,0.007905,0.006035,0.064,0.295,0.006272,0.008,0.038,0.513,0.001938,0.004332,0.347,0.324,0.105,0.448,0.01722,0.024465,0.304,0.361,0.107008,0.088768,0.03,0.216,0.00105,0.00216,0.069,0.00552,0.013179,1847250,0.31,6642133,4103126,0.77,0.09,0.05,0.02,0.02,0.06,261373,11550,16895,1383,2455,0.9392706974324051,0.5291288694700678,35629,33924,8496,22391,32226,6595,39077,7985,19010,352,11202,45185,52792,10389,22851,0.0,0.0,0.0,0.0,0.0,0.0,0.0,0.0,0.0,0.0,0.0,0.0,0.0,0.0,0.0,0.0,0.0,0.0,0.0,0.0,0.0,0.0,0.0,0.0,0.0,0.0,0.0,0.0,0.0,0.0,0.0,0.0,0.0,0.0,0.0
Washington,48,West,6724540,101.2,27,117,66456, WA Metro Area,Seattle-Tacoma-Bellevue,42660,3439809,4721.6,2229.91,4896,60566,0.0,254.0,195,65911.0,6966,A,4,75633,0.0,0.0,0.0,0.0,0.0,0.0,0.0,0.0,284,0.0,82599,82599,53,292,3252,12774,1.7,27,349,0.096,0.194,0.010368,0.009504,0.051,0.295,0.004233,0.005457,0.038,0.513,0.001976,0.004256,0.318,0.295,0.099,0.448,0.017226,0.020196,0.287,0.361,0.095284,0.077203,0.027,0.216,0.001161,0.001782,0.071,0.0071,0.012567,1636420,0.28,5946027,3609979,0.71,0.1,0.07,0.04,0.02,0.07,3175524,150183,430370,46669,18615,0.5862024661126793,1.4696472141290697,350697,340359,30528,286162,294616,70856,423982,160249,479780,6032,167837,415971,507937,81620,290596,0.0,0.0,0.0,0.0,0.0,0.0,0.0,0.0,0.0,0.0,0.0,0.0,0.0,0.0,0.0,0.0,0.0,0.0,0.0,0.0,0.0,0.0,0.0,0.0,0.0,0.0,0.0,0.0,0.0,0.0,0.0,0.0,0.0,0.0,0.0
West Virginia,49,South,1852994,77.1,31,74,24038, WV Metro Area,Morgantown,34060,129709,2034.2,1211.266667,162,3981,0.0,1.0,1,4145.0,282,B,3,7404,0.0,0.0,0.0,0.0,0.0,0.0,0.0,0.0,2,0.0,7686,7686,54,65,1584,6868,3.81,27,342,0.123,0.194,0.018327,0.013653,0.153,0.295,0.032742,0.035496,0.083,0.513,0.008051,0.015604,0.397,0.435,0.162,0.448,0.040338,0.04455,0.395,0.361,0.16985,0.1343,0.046,0.216,0.003542,0.003818,0.08,0.00752,0.01368,492418,0.21,1459045,726374,0.83,0.09,0.01,0.03,0.01,0.03,2895575,129494,466469,66485,32980,1.1389793046286143,2.2960897231119897,329464,296294,91873,255141,350875,92909,421357,174246,353620,5960,144910,304346,492903,94166,258840,0.0,0.0,0.0,0.0,0.0,0.0,0.0,0.0,0.0,0.0,0.0,0.0,0.0,0.0,0.0,0.0,0.0,0.0,0.0,0.0,0.0,0.0,0.0,0.0,0.0,0.0,0.0,0.0,0.0,0.0,0.0,0.0,0.0,0.0,0.0
Wisconsin,50,Midwest,5686986,105.0,25,108,54158, WI Metro Area,Milwaukee-Waukesha-West Allis,33340,1555908,5257.6,2330.25,1351,17375,0.0,337.0,16,19079.0,2112,A,4,23859,0.0,0.0,588.0,0.0,0.0,0.0,0.0,0.0,56,588.0,25971,25971,55,126,2675,12103,2.08,17,143,0.09,0.194,0.00846,0.00648,0.053,0.295,0.004452,0.0053,0.038,0.513,0.001558,0.00437,0.345,0.308,0.087,0.448,0.012006,0.016704,0.32,0.361,0.11552,0.09088,0.028,0.216,0.001232,0.001764,0.078,0.007332,0.016614,1391738,0.29,4621479,2952361,0.82,0.08,0.02,0.03,0.02,0.05,734703,21135,32711,9214,2585,0.3518428535067912,1.2541122058845546,100388,100039,6597,42290,60048,14925,95354,31542,35875,98,25069,71864,130333,14401,57205,0.0,0.0,0.0,0.0,0.0,0.0,0.0,0.0,0.0,0.0,0.0,0.0,0.0,0.0,0.0,0.0,0.0,0.0,0.0,0.0,0.0,0.0,0.0,0.0,0.0,0.0,0.0,0.0,0.0,0.0,0.0,0.0,0.0,0.0,0.0
Wyoming,51,West,563626,5.8,51,6,97093, WY Metro Area,Casper,16220,75450,2003.6,1910.65,109,1999,0.0,17.0,0,2125.0,187,A,4,2945,0.0,0.0,23.0,0.0,0.0,0.0,0.0,49.0,0,23.0,3132,3132,56,22,298,2015,3.49,6,14,0.087,0.194,0.00783,0.007482,0.064,0.295,0.006528,0.008576,0.037,0.513,0.001665,0.003663,0.308,0.308,0.088,0.448,0.013024,0.015136,0.29,0.361,0.0986,0.07656,0.024,0.216,0.000696,0.00132,0.07,0.00497,0.01141,137988,0.32,449840,280862,0.76,0.1,0.01,0.04,0.02,0.06,2371960,124523,268129,29826,10318,0.4349989038600988,1.257441103559925,287306,276652,59814,177241,546621,75584,322856,123645,148790,4917,98431,253622,457142,55806,190174,0.0,0.0,0.0,0.0,0.0,0.0,0.0,0.0,0.0,0.0,0.0,0.0,0.0,0.0,0.0,0.0,0.0,0.0,0.0,0.0,0.0,0.0,0.0,0.0,0.0,0.0,0.0,0.0,0.0,0.0,0.0,0.0,0.0,0.0,0.0
